CREATE SCHEMA IF NOT EXISTS `steam`;
USE `steam` ;

CREATE TABLE IF NOT EXISTS `steam`.`game` (
  `idGame` INT NOT NULL AUTO_INCREMENT,
  `gameName` VARCHAR(45) NOT NULL,
  `releaseDate` DATE NOT NULL,
  `price` INT NOT NULL,
  `reviewScore` INT NOT NULL,
  `image` VARCHAR(45) NULL,
  PRIMARY KEY (`idGame`));
  
INSERT INTO game (idGame, gameName, releaseDate, price, reviewScore, image) VALUES
(1, 'Elder Realms', '2021-05-14', 59, 9, NULL),
(2, 'Galaxy Raiders', '2022-03-22', 49, 8, NULL),
(3, 'Speed Rush 5', '2023-08-01', 39, 7, NULL),
(4, 'Castle Quest', '2020-11-10', 29, 8, NULL),
(5, 'Zombie Escape', '2019-09-18', 19, 6, NULL),
(6, 'Dragon Souls', '2021-12-09', 59, 9, NULL),
(7, 'Star Odyssey', '2022-10-04', 69, 9, NULL),
(8, 'Warfield', '2023-01-28', 49, 8, NULL),
(9, 'Farming Life', '2020-04-14', 25, 7, NULL),
(10, 'Soccer League 24', '2024-06-18', 69, 8, NULL),
(11, 'Alien Siege', '2021-07-27', 39, 7, NULL),
(12, 'Rogue Ninja', '2022-11-20', 44, 8, NULL),
(13, 'Battle Arena', '2019-05-15', 29, 6, NULL),
(14, 'Island Builder', '2020-08-30', 34, 7, NULL),
(15, 'Desert Rally', '2023-02-11', 59, 9, NULL),
(16, 'Magic Chronicles', '2021-09-09', 49, 8, NULL),
(17, 'Robot Factory', '2020-12-17', 45, 8, NULL),
(18, 'Deep Space', '2023-04-24', 69, 9, NULL),
(19, 'Hero Tactics', '2019-06-19', 19, 7, NULL),
(20, 'Mystic Woods', '2024-01-13', 39, 8, NULL),
(21, 'Runaway Truck', '2022-07-07', 25, 6, NULL),
(22, 'Monster Clash', '2023-05-15', 59, 9, NULL),
(23, 'Pirate Voyage', '2020-02-28', 34, 8, NULL),
(24, 'Dino Park', '2019-11-09', 29, 7, NULL),
(25, 'Cyber Run', '2021-03-20', 49, 8, NULL),
(26, 'Medieval Wars', '2023-07-02', 59, 9, NULL),
(27, 'Ocean Adventure', '2022-01-05', 39, 7, NULL),
(28, 'City Life 3D', '2020-09-13', 29, 7, NULL),
(29, 'Stealth Ops', '2024-02-11', 69, 9, NULL),
(30, 'Alien World', '2019-08-23', 25, 6, NULL),
(31, 'Sky Racer', '2021-10-14', 39, 7, NULL),
(32, 'Survival Land', '2020-03-30', 29, 6, NULL),
(33, 'Tower Defense X', '2022-09-21', 49, 8, NULL),
(34, 'Shadow Hunter', '2023-12-19', 59, 9, NULL),
(35, 'Kingdom Builder', '2019-10-11', 39, 7, NULL),
(36, 'Space Colony', '2021-01-09', 44, 8, NULL),
(37, 'Wasteland Hero', '2020-05-12', 34, 7, NULL),
(38, 'Pixel Fighters', '2023-03-25', 19, 6, NULL),
(39, 'Haunted Manor', '2021-11-02', 29, 7, NULL),
(40, 'Battlefront 2045', '2022-04-18', 69, 9, NULL),
(41, 'Underwater City', '2023-09-09', 59, 8, NULL),
(42, 'Forest Spirits', '2020-06-17', 29, 6, NULL),
(43, 'Ice Kingdom', '2021-08-20', 49, 8, NULL),
(44, 'Future Racer', '2023-10-13', 59, 9, NULL),
(45, 'The Last Mage', '2024-05-04', 69, 9, NULL),
(46, 'Zombie Hunter', '2019-12-07', 19, 6, NULL),
(47, 'Cosmic Drift', '2020-07-25', 34, 7, NULL),
(48, 'Arena Masters', '2022-12-03', 49, 8, NULL),
(49, 'Lost Galaxy', '2023-06-16', 59, 9, NULL),
(50, 'Dream City', '2024-09-01', 29, 7, NULL);

CREATE TABLE IF NOT EXISTS `steam`.`user` (
  `username` VARCHAR(45) NOT NULL,
  `userPassword` VARCHAR(45) NOT NULL,
  `email` VARCHAR(45) NOT NULL,
  `cellphone` VARCHAR(45) NOT NULL,
  `image` VARCHAR(45) NULL,
  PRIMARY KEY (`username`));

INSERT INTO user (username, userPassword, email, cellphone, image) VALUES
('alexgamer', 'pass1234', 'alexgamer@mail.com', '555123001', NULL),
('maria_playz', 'qwerty98', 'maria_p@mail.com', '555123002', NULL),
('john_doe', 'secure123', 'john.doe@mail.com', '555123003', NULL),
('sofia_21', 'gamepass21', 'sofia21@mail.com', '555123004', NULL),
('luis_dev', 'devmode', 'luisdev@mail.com', '555123005', NULL),
('camila23', 'cami2024', 'camila23@mail.com', '555123006', NULL),
('robertito', 'pass789', 'robertito@mail.com', '555123007', NULL),
('nancy_g', 'nancy123', 'nancy_g@mail.com', '555123008', NULL),
('ferchog', 'fercho321', 'ferchog@mail.com', '555123009', NULL),
('ana_luna', 'lunita88', 'ana_luna@mail.com', '555123010', NULL),
('pedroR', 'pedro2024', 'pedro_r@mail.com', '555123011', NULL),
('elena99', 'ele99pass', 'elena99@mail.com', '555123012', NULL),
('diegoX', 'dx2024', 'diegox@mail.com', '555123013', NULL),
('katy_g', 'kittymeow', 'katy_g@mail.com', '555123014', NULL),
('tommy_h', 'tompass', 'tommy_h@mail.com', '555123015', NULL),
('andres_g', 'and123', 'andres_g@mail.com', '555123016', NULL),
('julieta_', 'juliepass', 'julieta_@mail.com', '555123017', NULL),
('lucas12', 'lucasrocks', 'lucas12@mail.com', '555123018', NULL),
('samuel_p', 'sammy2025', 'samuel_p@mail.com', '555123019', NULL),
('vale_l', 'valepass', 'vale_l@mail.com', '555123020', NULL),
('crisgamer', 'cg2025', 'crisgamer@mail.com', '555123021', NULL),
('roxanaQ', 'rox123', 'roxanaq@mail.com', '555123022', NULL),
('leo_m', 'leoMpass', 'leo_m@mail.com', '555123023', NULL),
('danielaV', 'daniV23', 'danielav@mail.com', '555123024', NULL),
('felipe22', 'felipass', 'felipe22@mail.com', '555123025', NULL),
('karla09', 'karlita', 'karla09@mail.com', '555123026', NULL),
('betoR', 'betogame', 'beto_r@mail.com', '555123027', NULL),
('mario_k', 'mariok', 'mario_k@mail.com', '555123028', NULL),
('taniaZ', 'taniazeta', 'taniaz@mail.com', '555123029', NULL),
('raulT', 'raultest', 'rault@mail.com', '555123030', NULL),
('claraN', 'clarita', 'clara_n@mail.com', '555123031', NULL),
('francoG', 'franco2025', 'franco_g@mail.com', '555123032', NULL),
('vivi_p', 'vivipass', 'vivi_p@mail.com', '555123033', NULL),
('jorge_c', 'jorgepass', 'jorge_c@mail.com', '555123034', NULL),
('melisa_', 'melipass', 'melisa_@mail.com', '555123035', NULL),
('ivanx', 'iv123', 'ivanx@mail.com', '555123036', NULL),
('alejandraM', 'alem2025', 'alejandra_m@mail.com', '555123037', NULL),
('gustavoN', 'gusnpass', 'gustavo_n@mail.com', '555123038', NULL),
('sofiaQ', 'sofiaqpass', 'sofia_q@mail.com', '555123039', NULL),
('hugoR', 'hugopass', 'hugo_r@mail.com', '555123040', NULL),
('martinaA', 'martiA', 'martina_a@mail.com', '555123041', NULL),
('emilioC', 'emi123', 'emilio_c@mail.com', '555123042', NULL),
('rebecaL', 'rebepass', 'rebeca_l@mail.com', '555123043', NULL),
('oscarV', 'oscar2025', 'oscar_v@mail.com', '555123044', NULL),
('karinaZ', 'karizeta', 'karina_z@mail.com', '555123045', NULL),
('rocioM', 'rociopass', 'rocio_m@mail.com', '555123046', NULL),
('max_t', 'maxpower', 'max_t@mail.com', '555123047', NULL),
('daniloF', 'dani2025', 'danilo_f@mail.com', '555123048', NULL),
('linaS', 'linapass', 'lina_s@mail.com', '555123049', NULL),
('nataliaJ', 'natyJ25', 'natalia_j@mail.com', '555123050', NULL);

CREATE TABLE IF NOT EXISTS `steam`.`library` (
  `username` VARCHAR(45) NOT NULL,
  `idGame` INT NOT NULL,
  `purchaseDate` DATE NOT NULL,
  `hoursPlayed` INT NULL DEFAULT NULL,
  PRIMARY KEY (`username`, `idGame`),
  INDEX `fk_user_has_game_game1_idx` (`idGame` ASC) ,
  INDEX `fk_user_has_game_user1_idx` (`username` ASC) ,
  CONSTRAINT `fk_user_has_game_game1`
    FOREIGN KEY (`idGame`)
    REFERENCES `steam`.`game` (`idGame`),
  CONSTRAINT `fk_user_has_game_user1`
    FOREIGN KEY (`username`)
    REFERENCES `steam`.`user` (`username`));
    
INSERT INTO `library` (username, idGame, purchaseDate, hoursPlayed) VALUES
('alexgamer', 1, '2023-06-15', 120),
('maria_playz', 2, '2023-09-20', 80),
('john_doe', 5, '2022-04-12', 42),
('sofia_21', 7, '2024-02-10', 130),
('luis_dev', 3, '2023-11-18', 64),
('camila23', 10, '2024-05-05', 50),
('robertito', 4, '2021-07-08', 72),
('nancy_g', 9, '2023-03-14', 40),
('ferchog', 6, '2022-10-01', 115),
('ana_luna', 8, '2023-12-22', 90),
('pedroR', 11, '2023-04-16', 77),
('elena99', 12, '2024-06-11', 120),
('diegoX', 13, '2022-07-25', 60),
('katy_g', 14, '2023-09-05', 55),
('tommy_h', 15, '2024-01-09', 134),
('andres_g', 16, '2023-02-20', 70),
('julieta_', 17, '2021-05-30', 65),
('lucas12', 18, '2024-04-17', 150),
('samuel_p', 19, '2022-12-08', 44),
('vale_l', 20, '2023-08-13', 82),
('crisgamer', 21, '2021-09-09', 37),
('roxanaQ', 22, '2022-10-24', 105),
('leo_m', 23, '2023-03-02', 58),
('danielaV', 24, '2020-06-11', 29),
('felipe22', 25, '2021-08-30', 93),
('karla09', 26, '2023-05-25', 120),
('betoR', 27, '2024-01-19', 46),
('mario_k', 28, '2022-02-10', 40),
('taniaZ', 29, '2024-03-28', 152),
('raulT', 30, '2023-01-06', 24),
('claraN', 31, '2024-04-22', 65),
('francoG', 32, '2022-11-09', 35),
('vivi_p', 33, '2023-12-05', 79),
('jorge_c', 34, '2024-02-18', 88),
('melisa_', 35, '2022-03-14', 41),
('ivanx', 36, '2021-10-27', 56),
('alejandraM', 37, '2022-09-12', 100),
('gustavoN', 38, '2023-03-29', 45),
('sofiaQ', 39, '2024-05-10', 120),
('hugoR', 40, '2023-08-02', 135),
('martinaA', 41, '2024-06-09', 98),
('emilioC', 42, '2021-12-17', 27),
('rebecaL', 43, '2022-05-13', 76),
('oscarV', 44, '2023-10-11', 82),
('karinaZ', 45, '2024-08-21', 144),
('rocioM', 46, '2022-01-30', 33),
('max_t', 47, '2023-04-01', 65),
('daniloF', 48, '2024-07-15', 117),
('linaS', 49, '2023-09-22', 124),
('nataliaJ', 50, '2024-09-29', 110);
    
SELECT * FROM user;
SELECT * FROM game;
SELECT * FROM `library`;